"","baseMean","log2FoldChange","lfcSE","stat","pvalue","padj","Expression"
"ACROYT_G010800",101.533234042801,7.18838623541761,1.33180632858144,5.39747114963347,6.75867374041941e-08,7.26557427095087e-05,"Up"
