ID,Description,GeneRatio,BgRatio,RichFactor,FoldEnrichment,zScore,pvalue,p.adjust,qvalue,geneID,Count,GOSLIM_ID,GOSLIM_Name,contrast
GO:0009263,deoxyribonucleotide biosynthetic process,2/17,11/14185,0.18181818181818185,151.71122994652407,17.32069404651045,7.388343514065786e-5,0.02992489260980627,0.02351477575338107,ACROYT_G006706/ACROYT_G009087,2,GO:0055086;GO:1901135,nucleobase-containing small molecule metabolic process;carbohydrate derivative metabolic process,25v5
GO:0009200,deoxyribonucleoside triphosphate metabolic process,2/17,13/14185,0.15384615384615383,128.3710407239819,15.914622796979309,1.0463249164267928e-4,0.02992489260980627,0.02351477575338107,ACROYT_G006706/ACROYT_G009087,2,GO:0055086,nucleobase-containing small molecule metabolic process,25v5
GO:0051383,kinetochore organization,2/17,17/14185,0.1176470588235294,98.16608996539792,13.885274226467969,1.81922390408832e-4,0.03468653577128397,0.02725644235248114,ACROYT_G043168/ACROYT_G000625,2,NA,NA,25v5
