ID,Description,GeneRatio,BgRatio,RichFactor,FoldEnrichment,zScore,pvalue,p.adjust,qvalue,geneID,Count,GOSLIM_ID,GOSLIM_Name,contrast
GO:0007500,mesodermal cell fate determination,2/9,18/14185,0.1111111111111111,175.12345679012344,18.62508870216022,5.446392503060352e-5,0.03183509260350753,0.01408726860094869,ACROYT_G006033/ACROYT_G024293,2,NA,NA,25v10
GO:0060693,regulation of branching involved in salivary gland morphogenesis,2/9,20/14185,0.1,157.61111111111111,17.659282043930567,6.759043015606694e-5,0.03183509260350753,0.01408726860094869,ACROYT_G006033/ACROYT_G024293,2,NA,NA,25v10
GO:2001028,positive regulation of endothelial cell chemotaxis,2/9,35/14185,0.05714285714285714,90.06349206349206,13.292274006754749,2.1062219958016976e-4,0.04488052994905809,0.01985997302472567,ACROYT_G006033/ACROYT_G024293,2,NA,NA,25v10
GO:0001710,mesodermal cell fate commitment,2/9,37/14185,0.05405405405405406,85.1951951951952,12.920651369919884,2.356000917003516e-4,0.04488052994905809,0.01985997302472567,ACROYT_G006033/ACROYT_G024293,2,NA,NA,25v10
GO:2001026,regulation of endothelial cell chemotaxis,2/9,44/14185,0.04545454545454545,71.64141414141415,11.824680784114198,3.3388082507535287e-4,0.04488052994905809,0.01985997302472567,ACROYT_G006033/ACROYT_G024293,2,NA,NA,25v10
GO:0060688,regulation of morphogenesis of a branching structure,2/9,45/14185,0.04444444444444444,70.04938271604938,11.68920880020531,3.4929514256984456e-4,0.04488052994905809,0.01985997302472567,ACROYT_G006033/ACROYT_G024293,2,NA,NA,25v10
GO:2001239,regulation of extrinsic apoptotic signaling pathway in absence of ligand,2/9,45/14185,0.04444444444444444,70.04938271604938,11.68920880020531,3.4929514256984456e-4,0.04488052994905809,0.01985997302472567,ACROYT_G006033/ACROYT_G024293,2,NA,NA,25v10
GO:0048333,mesodermal cell differentiation,2/9,47/14185,0.0425531914893617,67.06855791962175,11.431244966884686,3.811509974442301e-4,0.04488052994905809,0.01985997302472567,ACROYT_G006033/ACROYT_G024293,2,GO:0030154,cell differentiation,25v10
GO:0006929,substrate-dependent cell migration,2/9,50/14185,0.04,63.04444444444445,11.07347066973811,4.314976806907914e-4,0.04516342391230284,0.01998515573725771,ACROYT_G006033/ACROYT_G024293,2,GO:0048870,cell motility,25v10
