ID,Description,GeneRatio,BgRatio,RichFactor,FoldEnrichment,zScore,pvalue,p.adjust,qvalue,geneID,Count
GO:0009263,deoxyribonucleotide biosynthetic process,2/17,11/14185,0.18181818181818182,151.71122994652407,17.32069404651045,7.388343514065786e-5,0.02992489260980627,0.023514775753381074,ACROYT_G006706/ACROYT_G009087,2
GO:0009200,deoxyribonucleoside triphosphate metabolic process,2/17,13/14185,0.15384615384615385,128.3710407239819,15.914622796979309,1.0463249164267927e-4,0.02992489260980627,0.023514775753381074,ACROYT_G006706/ACROYT_G009087,2
GO:0051383,kinetochore organization,2/17,17/14185,0.11764705882352941,98.16608996539792,13.885274226467967,1.8192239040883202e-4,0.03468653577128397,0.027256442352481147,ACROYT_G043168/ACROYT_G000625,2
