ID,Description,GeneRatio,BgRatio,RichFactor,FoldEnrichment,zScore,pvalue,p.adjust,qvalue,geneID,Count
GO:0071324,cellular response to disaccharide stimulus,4/223,10/14185,0.4,25.443946188340806,9.77209681900894,1.1593182889439828e-5,0.022450198665400226,0.02174026875530216,ACROYT_G021042/ACROYT_G021035/ACROYT_G009085/ACROYT_G026620,4
GO:0071329,cellular response to sucrose stimulus,4/223,10/14185,0.4,25.443946188340806,9.77209681900894,1.1593182889439828e-5,0.022450198665400226,0.02174026875530216,ACROYT_G021042/ACROYT_G021035/ACROYT_G009085/ACROYT_G026620,4
